,890047,316669,756697,810025,733335
1978-11-30,,0.218465030193,0.208170756698,0.317902415991,0.323576182127
1978-12-31,,0.163733258843,0.304085612297,,0.346390396357
1979-01-31,,0.130110383034,,,0.327453672886
1979-02-28,,0.124208331108,,,0.373102754354
1979-03-31,,0.112284995615,,,0.350780487061
1979-04-30,0.181289985776,0.15549737215,0.289983570576,0.301838159561,0.338182836771
1979-05-31,0.216450929642,0.183292478323,0.144035995007,0.381720006466,0.283762991428
1979-06-30,0.251259535551,0.217899262905,,0.289079993963,0.25044798851
1979-07-31,0.237341880798,0.183396488428,,0.302975356579,0.27391731739
1979-08-31,0.242591589689,0.200580790639,,0.376567691565,0.257681757212
1979-09-30,0.281049311161,0.226583883166,0.279185295105,,0.278823673725
1979-10-31,0.287064135075,0.20642401278,0.150777325034,0.312688291073,0.314720988274
1979-11-30,0.224749997258,0.16595493257,0.306140720844,,0.329778403044
1979-12-31,,0.113359995186,0.264109998941,0.305552184582,0.321079492569
1980-01-31,,0.117980994284,,,0.351682901382
1980-02-29,,0.130654513836,0.279185295105,,0.33532050252
1980-03-31,,0.124465286732,,0.289880007505,0.33532050252
1980-04-30,0.186109006405,0.134679988027,0.132284000516,,0.316468328238
1980-05-31,0.224364861846,0.157292678952,0.231464996934,,0.270487904549
1980-06-30,0.230226919055,0.208011746407,0.16425999999,0.297195643187,0.248131722212
1980-07-31,0.241268783808,0.209519058466,0.238479986787,0.325044423342,0.250124275684
1980-08-31,0.232798218727,0.20179271698,0.138159990311,0.286749541759,0.209560632706
1980-09-30,0.242300063372,0.190559834242,0.238846421242,0.282536119223,0.23929066956
1980-10-31,0.226393669844,0.197641342878,0.203717917204,0.287200629711,0.280969977379
1980-11-30,,0.15371799469,0.24738997221,0.310757547617,0.284082829952
1980-12-31,,0.16459004581,,0.289079993963,0.32842078805
1981-01-31,,0.123438328505,,,0.313451915979
1981-02-28,,0.147492289543,0.207832485437,,0.33376082778
1981-03-31,,0.124603748322,0.237934991717,,0.331352949142
1981-04-30,0.181289985776,0.137420907617,0.192006096244,,0.312213242054
1981-05-31,0.243838861585,0.158919587731,0.189271748066,0.290574193001,0.275039374828
1981-06-30,0.231034114957,0.222427099943,0.221984624863,,0.240579456091
1981-07-31,0.245183378458,0.211288452148,0.219365566969,0.28136998415,0.237586662173
1981-08-31,0.251641511917,0.221765726805,0.138159990311,0.283993780613,0.21620811522
1981-09-30,0.265714794397,0.191545858979,,0.293879985809,0.235339447856
1981-10-31,0.212940335274,0.20070104301,0.197348862886,0.290679991245,0.302356421947
1981-11-30,,0.220098152757,0.152370244265,0.297526538372,0.32864767313
1981-12-31,,0.139642357826,0.181009992957,,0.309539675713
1982-01-31,,0.119909994304,,0.273779988289,0.32254961133
1982-02-28,,0.097519993782,,0.289079993963,0.325659751892
1982-03-31,,0.144882112741,0.24738997221,,0.316900134087
1982-04-30,,0.135847330093,0.219350621104,0.266636401415,0.29393184185
1982-05-31,0.213411405683,0.172811552882,0.157518669963,,0.261911123991
1982-06-30,0.217220112681,0.181574046612,0.186280831695,,0.216088265181
1982-07-31,0.231779143214,0.158141434193,0.141097992659,,0.197440370917
1982-08-31,0.240299224854,0.157514825463,,,0.196091324091
1982-09-30,0.283421337605,0.153360754251,0.175004333258,,0.226831644773
1982-10-31,,0.150414168835,0.219648748636,0.285451442003,0.254436016083
1982-11-30,,0.10742790997,0.256299972534,0.272589385509,0.284756451845
1982-12-31,,0.101351104677,0.24738997221,0.288366764784,0.340423613787
1983-01-31,,0.109850414097,0.186749994755,0.288465738297,0.302048891783
1983-02-28,,0.0878420770168,0.178829327226,,0.322299540043
1983-03-31,,0.117774441838,0.132284000516,0.28136998415,0.311241060495
1983-04-30,,0.125009000301,0.197291240096,0.270534813404,0.316892236471
1983-05-31,0.204618752003,0.180954039097,0.210050612688,0.261866152287,0.262351363897
1983-06-30,0.229557156563,0.195691436529,0.255366235971,0.250610947609,0.215328365564
1983-07-31,0.228345498443,0.224551036954,0.136748343706,,0.212105795741
1983-08-31,0.241942286491,0.214372724295,0.16114333272,,0.176823154092
1983-09-30,0.239579260349,0.218984797597,0.188837915659,,0.198435992002
1983-10-31,,0.288985133171,0.144035995007,0.232231989503,0.288772881031
1983-11-30,,0.23195771873,0.236550495028,0.265248149633,0.307290732861
1983-12-31,,0.158127456903,0.244279995561,,0.304990977049
1984-01-31,,0.171671524644,,0.273779988289,0.30390805006
1984-02-29,,0.165129184723,0.260205000639,0.269017606974,0.324978649616
1984-03-31,,0.170266404748,0.229334995151,,0.313267350197
1984-04-30,,0.155146107078,0.22717165947,0.263398617506,0.306250691414
1984-05-31,0.204620227218,0.181613668799,0.247313663363,0.187303617597,0.277976483107
1984-06-30,0.215955391526,0.181211665273,0.175426676869,0.233910858631,0.226878017187
1984-07-31,0.21170809865,0.230941593647,,,0.207763582468
1984-08-31,0.220803335309,0.213150307536,,0.228027895093,
1984-09-30,0.226801395416,0.228909686208,,,0.247052505612
1984-10-31,0.260814905167,0.231223240495,0.214847505093,0.266390025616,0.278109252453
1984-11-30,,0.216766878963,0.255750000477,0.267457813025,0.301088184118
1984-12-31,,0.12362999469,0.343436032534,0.261186748743,0.315143018961
1985-01-31,,0.108789332211,0.244565546513,0.209217220545,0.339112430811
1985-02-28,,0.115321666002,0.282817959785,0.263398617506,0.275604069233
1985-03-31,,0.134178996086,0.225734084845,0.257081449032,0.309534728527
1985-04-30,,0.15503166616,,,0.277541011572
1985-05-31,0.218597233295,0.179037183523,0.25800973177,,0.253111451864
1985-06-30,0.207865148783,0.156246736646,0.231464982033,0.219723701477,0.227653324604
1985-07-31,0.210657373071,0.160556659102,0.187043607235,,0.217584118247
1985-08-31,0.239560171962,0.216304555535,,,0.194976136088
1985-09-30,0.252563536167,0.254680007696,0.144035995007,,0.185264065862
1985-10-31,0.214151367545,0.237768888474,0.132284000516,0.24402859807,0.268622219563
1985-11-30,,0.20389084518,0.281001627445,,0.31601023674
1985-12-31,,0.173335462809,0.22919498384,0.250905156136,0.286684840918
1986-01-31,,0.129370987415,0.310237646103,,0.285613745451
1986-02-28,,0.101094998419,0.231464996934,,0.31416991353
1986-03-31,,0.105891250074,0.40661996603,0.269374281168,0.319579988718
1986-04-30,,,0.258832633495,0.247804254293,0.293360650539
1986-05-31,0.226947471499,,0.20341566205,,0.265294909477
1986-06-30,0.241441175342,0.221310004592,0.157518669963,0.187303617597,0.198504433036
1986-07-31,0.224241569638,0.215901955962,,0.236246600747,0.197515249252
1986-08-31,0.231349274516,0.223842293024,,0.228027895093,0.179056316614
1986-09-30,0.264658600092,0.188115298748,0.235919982195,,0.236496001482
1986-10-31,0.238467812538,0.220637455583,0.204751238227,0.25133267045,0.24391412735
1986-11-30,,0.173370674253,0.21261498332,0.250905156136,0.311965286732
1986-12-31,,0.131369456649,0.115176998079,0.223823770881,0.316410899162
1987-01-31,,0.135255903006,0.260205000639,,0.286256223917
1987-02-28,,0.112821660936,0.269135087729,0.272663801908,0.326622098684
1987-03-31,,0.129857182503,0.218709751964,0.254463255405,0.311751902103
1987-04-30,,0.127807080746,0.21688900888,,0.287667006254
1987-05-31,0.215137898922,0.16982974112,0.182981535792,0.254463255405,0.233438655734
1987-06-30,0.216910585761,0.230253502727,0.106623493135,,0.204515889287
1987-07-31,0.265982925892,0.191603317857,,,0.222543999553
1987-08-31,,,,,
1987-09-30,,,,,
1987-10-31,,,,,
1987-11-30,,,,,
1987-12-31,,,,,
1988-01-31,,,,0.251724630594,
1988-02-29,,0.168901205063,,,
1988-03-31,,0.153627246618,,0.165389984846,
1988-04-30,,0.133025616407,,,
1988-05-31,,0.221340224147,,,
1988-06-30,,0.209419667721,,,
1988-07-31,,,,,
1988-08-31,,,,,
1988-09-30,,,0.117226146162,,
1988-10-31,,,,,
1988-11-30,,,,,
1988-12-31,,,,,
1989-01-31,,,,,
1989-02-28,,,0.2576148808,,
1989-03-31,,0.158308252692,0.252950876951,,
1989-04-30,,,,,
1989-05-31,,,,,
1989-06-30,,,,,
1989-07-31,,,,,
1989-08-31,,,,,
1989-09-30,,,0.198604226112,,
1989-10-31,,,0.186404123902,,
1989-11-30,,,0.234929040074,,
1989-12-31,,,0.275370121002,,
1990-01-31,,,0.257507115602,,
1990-02-28,,0.127958729863,0.256879866123,,0.291482239962
1990-03-31,,,,,
1990-04-30,,0.175626307726,,,
1990-05-31,,,,,
1990-06-30,,,,,
1990-07-31,,,0.163469940424,,
1990-08-31,,,0.179302558303,,
1990-09-30,,,0.173586651683,,
1990-10-31,,,0.277974635363,,
1990-11-30,,,,,
1990-12-31,,,,0.303681492805,
1991-01-31,,0.101990647614,0.212051466107,,
1991-02-28,,,0.281085401773,0.265850275755,
1991-03-31,,,,,
1991-04-30,,0.13312587142,,,
1991-05-31,,0.110134601593,,,
1991-06-30,,0.225312262774,,,
1991-07-31,,,,,
1991-08-31,,0.234882473946,,,0.33465218544
1991-09-30,0.22138428688,0.224696800113,0.153582021594,0.228994816542,0.268161326647
1991-10-31,,0.16141140461,0.256715685129,0.261602461338,0.221779063344
1991-11-30,,0.12283102423,0.174413755536,,0.256819725037
1991-12-31,,0.106155574322,,,0.325904071331
1992-01-31,,0.106133081019,0.207420736551,,
1992-02-29,,0.0972458869219,0.142207041383,,
1992-03-31,,0.12260004133,0.198107242584,,
1992-04-30,,0.154511243105,0.185290589929,0.264311850071,0.228350371122
1992-05-31,0.226563125849,0.175729393959,0.1892003268,0.20928055048,0.275154024363
1992-06-30,0.254814445972,0.248387366533,0.201379552484,,0.314486145973
1992-07-31,0.268243432045,0.219934388995,0.153772652149,,0.317085504532
1992-08-31,0.198161020875,0.206747233868,0.173254474998,0.240831509233,0.335965424776
1992-09-30,0.200539812446,0.20185303688,0.19333358109,0.256157517433,0.314229607582
1992-10-31,,0.208204165101,0.23923240602,0.300831615925,0.205201163888
1992-11-30,,0.215079516172,0.252539545298,0.302763670683,0.277548313141
1992-12-31,,0.208586335182,0.28966870904,0.303289741278,0.350416630507
1993-01-31,,0.17068220675,0.233350172639,,0.274775713682
1993-02-28,,0.117301635444,0.172523155808,0.229576379061,0.343449234962
1993-03-31,,0.147592037916,0.14555208385,0.252332389355,0.30394256115
1993-04-30,,0.125837311149,0.2126917243,0.240902543068,0.322789132595
1993-05-31,0.261562407017,0.134965494275,0.238299250603,0.269113361835,0.30306199193
1993-06-30,0.243512675166,0.169537618756,0.173356771469,,0.299276262522
1993-07-31,0.233415782452,0.181798487902,0.159614294767,,0.252196401358
1993-08-31,0.215052515268,0.20358197391,0.172430872917,,0.292241096497
1993-09-30,0.198828071356,0.193934604526,0.18709589541,,0.236736297607
1993-10-31,,0.194750905037,0.301919162273,0.257083594799,0.223943576217
1993-11-30,,0.176642596722,0.267815023661,0.268676996231,0.243323639035
1993-12-31,,0.189451187849,0.257634013891,,0.295909434557
1994-01-31,,0.14004996419,0.243861973286,,
1994-02-28,,0.188666522503,0.238791957498,,
1994-03-31,,0.174545451999,0.211343854666,,
1994-04-30,,0.147341057658,,,
1994-05-31,0.244501709938,0.134980246425,,,0.243753999472
1994-06-30,0.241128966212,0.166194826365,0.171287342906,,0.229225367308
1994-07-31,0.283887982368,0.151346445084,0.181286022067,,0.270951509476
1994-08-31,0.231545999646,0.152701497078,0.174312382936,,0.264744639397
1994-09-30,0.184075519443,0.140694975853,0.175675690174,,0.21981395781
1994-10-31,,0.122178144753,0.225306212902,0.22419463098,0.195877358317
1994-11-30,,0.130538582802,0.284614980221,0.313450157642,0.266179382801
1994-12-31,,0.101033173501,0.236291766167,0.285441994667,0.344177186489
1995-01-31,,0.139063879848,0.265233516693,,
1995-02-28,,0.131125628948,0.286781132221,0.355866461992,0.349176704884
1995-03-31,,0.116113089025,0.196004509926,0.27950501442,0.288340866566
1995-04-30,,0.153639659286,0.155460625887,0.296609461308,0.27758616209
1995-05-31,0.223817899823,0.22024974227,0.176559150219,0.222525879741,0.277081161737
1995-06-30,0.234566226602,0.223976328969,0.168964579701,0.284293711185,0.296059280634
1995-07-31,0.227952137589,0.284950196743,0.180054739118,0.265983402729,0.299834132195
1995-08-31,0.21127127111,0.220265805721,0.153429046273,0.234056189656,0.280386090279
1995-09-30,0.252504020929,0.198608011007,0.173229768872,0.220402598381,0.199883013964
1995-10-31,,0.211387783289,0.196954444051,0.256983011961,0.245624542236
1995-11-30,,0.171487674117,0.225036978722,0.29762083292,0.266461461782
1995-12-31,,0.130616515875,0.281964480877,0.284543693066,
1996-01-31,,0.178739279509,0.293814063072,,0.321720153093
1996-02-29,,0.158362239599,0.239308834076,0.278289109468,0.343131422997
1996-03-31,,0.168151587248,0.203067332506,0.258554965258,0.300007909536
1996-04-30,,0.148528918624,0.16024184227,,0.316289514303
1996-05-31,0.242569550872,0.181227624416,0.213312193751,0.244798362255,0.244921371341
1996-06-30,0.25332352519,0.218583390117,0.208614006639,0.23110678792,0.292423605919
1996-07-31,0.328746140003,,0.169407173991,0.263840377331,0.261308729649
1996-08-31,0.250805437565,0.202728241682,0.162676379085,0.2514564991,0.27701997757
1996-09-30,0.205087304115,0.195537388325,0.154995962977,0.251249819994,0.261150181293
1996-10-31,,0.205332428217,0.174439847469,0.267642199993,0.271371692419
1996-11-30,,0.172597646713,0.211674451828,,0.24445822835
1996-12-31,,0.134408801794,0.259399026632,0.292566657066,0.309344679117
1997-01-31,,0.125764012337,0.260656952858,,
1997-02-28,,0.0941956937313,0.237192109227,0.305805325508,0.319115757942
1997-03-31,,0.114644572139,0.192616671324,0.32110413909,0.309535741806
1997-04-30,,0.110810019076,0.264384686947,0.247108623385,0.250799268484
1997-05-31,0.245283663273,0.145493969321,0.205947086215,0.260071486235,0.183260843158
1997-06-30,0.240491703153,0.204484537244,0.201664924622,,0.320729702711
1997-07-31,0.276842176914,0.190922036767,0.17844492197,0.284695982933,0.277023255825
1997-08-31,0.236392021179,0.208394408226,,,0.31253105402
1997-09-30,0.229717150331,0.189873278141,0.189583539963,0.25468313694,0.245492905378
1997-10-31,0.183887034655,0.147409886122,0.168762907386,,0.169054597616
1997-11-30,0.17075830698,0.126599162817,0.290872454643,0.291188567877,0.281925201416
1997-12-31,0.16793975234,0.12060944736,0.256289631128,0.251290082932,0.32840064168
1998-01-31,,0.107112541795,0.249008238316,0.315054029226,
1998-02-28,,0.112657569349,0.275797784328,0.27537342906,0.338907837868
1998-03-31,0.202302321792,0.109983414412,0.18905299902,0.294083505869,0.297143310308
1998-04-30,0.235874220729,0.124586418271,0.276052117348,0.280101448298,0.31698808074
1998-05-31,0.289868175983,0.169245511293,0.26385769248,0.278300970793,0.290889114141
1998-06-30,0.229814171791,0.227689057589,,0.271127194166,0.312116742134
1998-07-31,0.267782956362,0.269026756287,0.180041819811,0.243309259415,0.299529254436
1998-08-31,0.213328436017,0.231750324368,0.179320678115,0.284665375948,0.272807955742
1998-09-30,0.245473846793,0.203821539879,0.192266225815,0.27577483654,0.211880996823
1998-10-31,0.178353205323,0.193891912699,0.222859576344,0.270420908928,0.248517930508
1998-11-30,,0.17884208262,,0.305584222078,0.243101879954
1998-12-31,,0.140640646219,0.244736552238,0.350046783686,0.265465438366
1999-01-31,,0.137971490622,0.20318685472,0.306099325418,0.262920707464
1999-02-28,,0.119742229581,0.293662548065,,0.3150588274
1999-03-31,,0.159868225455,,0.292362630367,0.282823264599
1999-04-30,0.229443341494,0.183849751949,,0.283856630325,0.263276129961
1999-05-31,0.246265515685,0.190935924649,0.257895588875,0.255144715309,0.28267377615
1999-06-30,0.206115365028,0.253222763538,,0.259680211544,0.25460088253
1999-07-31,0.238428041339,0.272803604603,0.228038325906,0.2670160532,0.232793524861
1999-08-31,0.190643444657,0.211221009493,0.153972178698,0.278339356184,0.177856653929
1999-09-30,0.214807152748,0.208889648318,0.209652230144,0.245126843452,0.171349063516
1999-10-31,,0.248526871204,0.234853297472,0.27083042264,0.214281380177
1999-11-30,0.167151242495,0.191102042794,0.171850264072,0.272057026625,0.21421302855
1999-12-31,0.154511034489,0.171668589115,0.252443671227,0.310026556253,0.278195530176
2000-01-31,,0.134178087115,0.262924671173,0.274893313646,
2000-02-29,,0.144381776452,,0.328031599522,0.305057168007
2000-03-31,,0.134073883295,,0.296862453222,0.278335511684
2000-04-30,,0.159862071276,0.27125787735,0.281256377697,0.271225959063
2000-05-31,0.243956774473,0.216901645064,0.241390436888,0.264925658703,0.282116472721
2000-06-30,0.263441503048,0.272410929203,0.199968487024,0.256326556206,0.271564722061
2000-07-31,0.235475510359,0.273119717836,0.150011196733,0.277083188295,0.257623255253
2000-08-31,0.24365824461,0.248771309853,0.157136261463,0.260590910912,0.277609944344
2000-09-30,0.218696817756,0.214601516724,0.220454126596,0.276791155338,0.261095166206
2000-10-31,0.171069651842,0.210641369224,0.268294781446,0.290318101645,0.218204468489
2000-11-30,0.161305904388,0.201367691159,0.284403294325,0.298899352551,0.291978687048
2000-12-31,,0.12758910656,0.273034095764,0.304783582687,0.253964453936
2001-01-31,,0.1033539325,0.263962209225,0.317866504192,
2001-02-28,,0.136621668935,0.25315195322,0.304407835007,
2001-03-31,,0.120396666229,0.342503994703,0.279264181852,
2001-04-30,0.221725821495,0.148103579879,,0.291946053505,0.306315243244
2001-05-31,0.240956246853,0.172250285745,,0.277062177658,0.270118564367
2001-06-30,0.205927461386,0.202740460634,0.240617081523,,
2001-07-31,0.233010321856,0.250052988529,0.179324507713,0.273986726999,0.298455625772
2001-08-31,0.249070465565,0.215571716428,0.184145838022,0.262810021639,0.275186479092
2001-09-30,0.197873651981,0.209639251232,0.188047021627,0.28486675024,0.260766088963
2001-10-31,0.170597285032,0.214932873845,0.342948108912,0.26523900032,0.253041595221
2001-11-30,,0.146102949977,0.200232326984,0.335642337799,0.2590020895
2001-12-31,,0.109528325498,,0.283138304949,0.303680300713
2002-01-31,,0.103232599795,0.259810566902,,
2002-02-28,,0.164365485311,0.253258705139,0.381720006466,0.309422850609
2002-03-31,,0.116809889674,0.186027958989,,0.193629413843
2002-04-30,,0.159362375736,0.280906021595,0.272913277149,0.30332493782
2002-05-31,0.262522876263,0.151590451598,,0.267279595137,0.292783409357
2002-06-30,0.222896248102,0.210735931993,0.197784051299,0.25433164835,0.279653936625
2002-07-31,0.236456409097,0.21658436954,0.162066102028,0.282325536013,0.278994560242
2002-08-31,0.256132781506,0.178100049496,0.178583875299,0.270419567823,0.275282919407
2002-09-30,0.24916768074,0.154378056526,0.231346562505,0.249559506774,0.240495428443
2002-10-31,0.205385178328,0.127758681774,0.279764413834,0.28899204731,0.29378426075
2002-11-30,0.170815870166,0.118073962629,0.29692080617,0.322152644396,0.295669257641
2002-12-31,,0.105953209102,0.314288944006,0.322080612183,0.30410322547
2003-01-31,,0.0964055284858,0.308636397123,0.304321199656,
2003-02-28,,0.151764839888,0.297762662172,,
2003-03-31,,0.135301664472,0.275796234608,,
2003-04-30,,0.14449827373,0.277496963739,,
2003-05-31,,0.161692887545,0.259248554707,,
2003-06-30,,0.202595874667,0.225122511387,,
2003-07-31,,0.242406889796,0.183724701405,,
2003-08-31,,0.237857043743,0.183748021722,,0.291107058525
2003-09-30,0.204994693398,0.194760292768,0.199596866965,,0.322281450033
2003-10-31,,0.167431503534,0.285537749529,0.255126595497,0.299596071243
2003-11-30,,0.175771191716,0.309549540281,,0.323309838772
2003-12-31,,0.152616307139,0.317821532488,,0.326759755611
2004-01-31,,0.124598063529,0.303172767162,,0.288937687874
2004-02-29,,0.109894640744,0.296367049217,0.232734754682,0.309589743614
2004-03-31,,0.0808939933777,0.281212419271,0.271971225739,0.340311914682
2004-04-30,,0.121948935091,0.263633131981,0.27390781045,0.314623475075
2004-05-31,0.276612788439,0.174714297056,0.265218943357,0.272527009249,0.315949469805
2004-06-30,0.269981443882,0.2463568151,0.227008759975,0.288022458553,0.322642296553
2004-07-31,0.251981407404,0.253842920065,0.151887953281,0.279389202595,0.286212325096
2004-08-31,0.211797267199,0.237241312861,0.194613143802,0.271114051342,0.309643954039
2004-09-30,0.214137047529,0.210815906525,0.18863107264,0.278589427471,0.271752297878
2004-10-31,,0.201345592737,0.234504967928,0.280588001013,0.273935884237
2004-11-30,,0.223547637463,0.281820267439,0.300721913576,0.325507640839
2004-12-31,,0.18370975554,0.297585189342,,0.309845030308
2005-01-31,,0.128712341189,0.282630562782,,0.202810078859
2005-02-28,,0.172208726406,0.263278514147,0.289619326591,0.348377734423
2005-03-31,,0.134819999337,0.241147816181,0.290623426437,0.345491915941
2005-04-30,,0.156329676509,0.259158283472,0.277705401182,0.305915921926
2005-05-31,,0.15214368701,0.235821083188,0.272406548262,0.244617953897
2005-06-30,0.26304346323,0.237094774842,0.18713696301,0.234295427799,0.260667443275
2005-07-31,0.264298796654,0.269615679979,0.135148540139,0.270795404911,0.282843351364
2005-08-31,0.229113042355,0.260473251343,0.144275635481,0.252475291491,0.253527075052
2005-09-30,0.258277595043,0.224758803844,0.167589217424,,0.310032606125
2005-10-31,,0.209172964096,0.238765060902,0.277046650648,0.237377509475
2005-11-30,,0.239950791001,0.297524333,0.294817298651,0.240694090724
2005-12-31,,0.170634359121,0.284507364035,,0.169300377369
2006-01-31,,0.156201943755,0.300161093473,0.258564054966,
2006-02-28,,0.104958608747,0.275270760059,,0.321547836065
2006-03-31,,0.126500323415,0.279971033335,0.275075256824,0.293566018343
2006-04-30,,0.1559202075,0.26345795393,0.299854695797,0.29775890708
2006-05-31,0.289730101824,0.173853129148,0.239421337843,0.260927945375,0.274782657623
2006-06-30,0.25887081027,0.210693880916,0.216808781028,0.280093938112,0.281450510025
2006-07-31,0.263804078102,0.2481726408,0.173095136881,0.247865721583,0.298223018646
2006-08-31,0.247401490808,0.201841250062,0.170783638954,0.290538966656,0.296507567167
2006-09-30,0.233377337456,0.169316321611,0.209726706147,0.266448736191,0.286462426186
2006-10-31,,0.132266119123,0.268435150385,0.271576195955,0.295528441668
2006-11-30,,0.155451670289,0.294295400381,0.29391798377,0.336325347424
2006-12-31,,0.118457496166,0.296379327774,0.299121320248,0.281977832317
2007-01-31,,0.11631963402,0.277560263872,0.32511639595,0.321010291576
2007-02-28,,0.111713126302,0.316969305277,0.321002066135,0.328915953636
2007-03-31,,0.13127399981,0.269444465637,0.315329283476,0.330641776323
2007-04-30,0.226794436574,0.139432013035,0.276140391827,0.272584140301,0.302251458168
2007-05-31,0.266453921795,0.217968508601,0.294085741043,0.264489024878,0.26746186614
2007-06-30,0.253488510847,0.250814825296,0.259534329176,0.273846507072,0.226313456893
2007-07-31,0.242200091481,0.270218133926,0.182290971279,0.266089767218,0.226203143597
2007-08-31,0.243534103036,0.223863586783,0.167995914817,0.280411690474,0.201603144407
2007-09-30,0.219828426838,0.189505890012,0.214520677924,0.290256649256,0.215109929442
2007-10-31,0.192773208022,0.170852988958,0.266042053699,0.297928214073,0.240731313825
2007-11-30,,0.178457036614,0.261061877012,0.326580256224,0.277417510748
2007-12-31,,0.186945751309,0.286233246326,0.324835628271,0.333713650703
2008-01-31,,0.160797342658,0.300741195679,0.315710455179,0.325691014528
2008-02-29,,0.181685060263,0.291729152203,0.30570051074,0.327222496271
2008-03-31,,0.136915460229,0.269496619701,0.308180451393,0.333386719227
2008-04-30,0.192292869091,0.151585489511,0.274983465672,0.304351001978,0.323134899139
2008-05-31,0.26124766469,0.179706290364,0.294082790613,0.252953350544,0.286143869162
2008-06-30,0.245813369751,0.21503354609,0.276546895504,0.265989422798,0.23301845789
2008-07-31,0.223922133446,0.256578177214,0.185086667538,0.277968674898,0.229445099831
2008-08-31,0.234792739153,0.229083821177,0.16228403151,0.264077991247,0.207796320319
2008-09-30,0.204144701362,0.214327320457,0.203305885196,0.261863380671,0.207220435143
2008-10-31,0.202373802662,0.187062188983,0.257524877787,0.299610346556,0.236139342189
2008-11-30,,0.174968644977,0.295740455389,0.309064358473,0.271734178066
2008-12-31,,0.157539337873,0.295337021351,0.297191113234,0.318891704082
2009-01-31,,0.112461857498,0.298094034195,0.299057155848,0.298889875412
2009-02-28,,0.103306010365,0.278985857964,0.310405015945,0.321324437857
2009-03-31,,0.114959701896,0.235188171268,0.31585252285,0.333722740412
2009-04-30,0.185188576579,0.145175725222,0.246934115887,0.28908520937,0.326350361109
2009-05-31,0.262523531914,0.164084926248,0.238772198558,0.266584098339,0.295861452818
2009-06-30,0.232605025172,0.252561241388,0.225608482957,0.26421225071,0.2923848629
2009-07-31,0.215184822679,0.263139754534,0.150786444545,0.263142764568,0.277298897505
2009-08-31,0.215830624104,0.238065540791,0.16688208282,0.249688833952,0.277323275805
2009-09-30,0.207496717572,0.216654583812,0.174296230078,0.26050388813,0.284934282303
2009-10-31,0.187450498343,0.20670221746,0.247130945325,0.285901427269,0.297424972057
2009-11-30,,0.134984344244,0.268190652132,0.31273829937,0.321933090687
2009-12-31,,0.145592719316,0.299994260073,0.308465391397,0.324659407139
2010-01-31,,0.113580033183,0.30902248621,0.291144251823,0.290314346552
2010-02-28,,0.182820364833,0.295768350363,0.287942677736,0.276575148106
2010-03-31,,0.197844281793,0.301544696093,0.293917447329,0.294302552938
2010-04-30,0.209533587098,0.19163800776,0.277609705925,0.283276200294,0.264479488134
2010-05-31,0.242645025253,0.213184967637,0.27014541626,0.277684956789,0.273111552
2010-06-30,0.233462274075,0.26218739152,0.259161323309,0.254605561495,0.272642374039
2010-07-31,0.215206846595,0.274604976177,0.185258716345,0.260400444269,0.272753924131
2010-08-31,0.201723739505,0.270461857319,0.156822681427,0.276523202658,0.262153863907
2010-09-30,0.199117407203,0.254694461823,0.221528187394,0.28411474824,0.229101970792
2010-10-31,0.178608804941,0.243245571852,0.230147570372,0.288205504417,0.202549099922
2010-11-30,,0.27045083046,0.273324996233,0.302805691957,0.238042786717
2010-12-31,,0.254816234112,0.296794295311,0.258265465498,0.267265588045
2011-01-31,,0.203790977597,0.29965415597,0.302705109119,0.247544214129
2011-02-28,,0.250624626875,0.287385255098,0.313881605864,0.311150312424
2011-03-31,,0.240383163095,0.283157497644,0.292908728123,0.311574310064
2011-04-30,0.190548554063,0.221747815609,0.258208990097,0.274245858192,0.286210894585
2011-05-31,0.247647732496,0.229726687074,0.26227030158,0.232544720173,0.268108785152
2011-06-30,0.220048695803,0.250137090683,0.225837647915,0.263028264046,0.27518594265
2011-07-31,0.198683083057,0.255807220936,0.166818335652,0.246824473143,0.281948357821
2011-08-31,0.190173476934,0.247191816568,0.18611304462,0.264691948891,0.242079466581
2011-09-30,0.190525740385,0.206548139453,0.18068562448,0.260786384344,0.243748962879
2011-10-31,0.183392226696,0.203244358301,0.183624148369,0.277495115995,0.233167901635
2011-11-30,,0.200222402811,0.278757810593,0.286104470491,0.294465750456
2011-12-31,,0.208632975817,0.279594540596,0.32471755147,0.287827432156
2012-01-31,,0.151734426618,0.270973443985,0.3346786201,0.309300869703
2012-02-29,,0.200428470969,0.23138923943,0.322019129992,0.288833975792
2012-03-31,,0.243074089289,0.219443321228,0.312899440527,0.316859990358
2012-04-30,0.221214622259,0.187218338251,0.266815811396,0.291098773479,0.246991455555
2012-05-31,0.254717200994,0.209711432457,0.252302408218,0.27920460701,0.24600738287
2012-06-30,0.26128962636,0.248912617564,0.205292746425,0.284466683865,0.231678634882
2012-07-31,0.216257974505,0.258920431137,0.173698663712,0.2973100245,0.241744726896
2012-08-31,0.196728408337,0.235393688083,0.143160447478,0.28184351325,0.261013388634
2012-09-30,0.198989257216,0.170471087098,0.181837260723,0.284504085779,0.278308838606
2012-10-31,0.21319565177,0.157592922449,0.221795514226,0.31919670105,0.256911814213
2012-11-30,,0.169381096959,0.290268003941,0.33443620801,0.269013106823
2012-12-31,,0.142900854349,0.284433722496,0.33776640892,0.325072407722
2013-01-31,,0.12331572175,0.296482026577,0.344301730394,0.34544429183
2013-02-28,,0.124482363462,0.27549892664,0.314870297909,0.338447391987
2013-03-31,,0.155337885022,0.29555824399,0.30646649003,0.342383146286
2013-04-30,0.167611181736,0.13966499269,0.26520460844,0.294428020716,0.321529895067
2013-05-31,0.241259247065,0.189847752452,0.244449660182,0.293807983398,0.291813522577
2013-06-30,0.281053632498,0.269041210413,0.233051523566,0.287112504244,0.277907788754
2013-07-31,0.220996677876,0.259349822998,0.184681996703,0.271895885468,0.282510101795
2013-08-31,0.201576545835,0.24077950418,0.1473775208,0.263113707304,0.272212594748
2013-09-30,0.20775975287,0.194230213761,0.190168529749,0.290600240231,0.274888038635
2013-10-31,0.203787699342,0.171519741416,0.265784740448,0.308993905783,0.285766005516
2013-11-30,,0.137159705162,0.263071686029,0.339552015066,0.31477484107
2013-12-31,,0.132130950689,0.279431402683,0.337961375713,0.341157883406
2014-01-31,,0.118172749877,0.303211808205,0.339863866568,0.335489690304
2014-02-28,,0.132071912289,0.296306669712,0.334646463394,0.311251759529
2014-03-31,,0.158969581127,0.24728935957,0.317075073719,0.345062971115
2014-04-30,0.222669497132,0.205806657672,0.227261990309,0.282936781645,0.333252161741
2014-05-31,0.266273289919,0.19693647325,0.222530066967,0.287043124437,0.288327902555
2014-06-30,0.261376053095,0.265984892845,0.197827503085,0.274110674858,0.278793215752
2014-07-31,0.270216822624,0.255030155182,0.175927013159,0.295258581638,0.244652599096
2014-08-31,0.252315253019,0.200129568577,0.150588840246,0.299310088158,0.253652304411
2014-09-30,0.234576299787,0.163176387548,0.220901533961,0.293488293886,0.265454649925
2014-10-31,0.188348591328,0.155734702945,0.234685465693,0.316235512495,0.281010776758
2014-11-30,,0.148775145411,0.282122254372,0.336232423782,0.283272504807
2014-12-31,,0.148925364017,0.290447294712,0.342914193869,0.317045688629
2015-01-31,,0.183208957314,0.270411252975,0.340054959059,0.31687811017
2015-02-28,,0.14719478786,0.255475133657,0.325811028481,0.26926523447
2015-03-31,,0.119057327509,0.207230314612,0.333257853985,0.33837467432
2015-04-30,0.219853311777,0.190190896392,0.229917794466,0.306896865368,0.316544890404
2015-05-31,0.275503635406,0.18571998179,0.212624743581,0.270569354296,0.281247079372
2015-06-30,0.233154445887,0.245806992054,0.221203267574,0.260711163282,0.292888134718
2015-07-31,0.222837105393,0.268563717604,0.145355850458,0.267271071672,0.299457848072
2015-08-31,0.22333304584,0.258544743061,0.157686784863,0.278169393539,0.286657273769
2015-09-30,0.228565454483,0.201904177666,0.178644478321,0.295165210962,0.273257017136
2015-10-31,0.199119314551,0.177185967565,0.248853847384,0.298216611147,0.278024047613
2015-11-30,,0.206576123834,0.267091423273,0.321823060513,0.314482212067
2015-12-31,,0.150686100125,0.271464347839,0.338849514723,0.335828274488
2016-01-31,,0.155944049358,0.314277350903,0.334463477135,0.299251675606
2016-02-29,,0.159970864654,0.291414171457,0.334769666195,0.34393286705
2016-03-31,,0.146935090423,0.263569355011,0.315958350897,0.343335151672
2016-04-30,0.254318624735,0.131487071514,0.275832980871,0.307344973087,0.313335418701
2016-05-31,0.266033232212,0.237166151404,0.255757778883,0.271931380033,0.305363804102
2016-06-30,0.248485088348,0.289668083191,0.230203896761,0.30979898572,0.290479362011
2016-07-31,0.260369747877,0.292598664761,0.167226046324,0.288563966751,0.303614318371
2016-08-31,0.258623510599,0.253463745117,0.137598156929,0.284805446863,0.316129863262
2016-09-30,0.229188010097,0.250746101141,0.172196865082,0.272454231977,0.307362049818
2016-10-31,0.200428113341,0.239419400692,0.23155759275,0.299622952938,0.264491289854
2016-11-30,,0.196600571275,0.272854924202,0.32808059454,0.26538258791
2016-12-31,,0.173491925001,0.2843927145,0.324180334806,0.306804984808
2017-01-31,,0.155664697289,0.256125122309,0.305245101452,0.349655210972
2017-02-28,,0.138599634171,0.287974506617,0.328236758709,0.324925601482
2017-03-31,,0.153081089258,0.228486090899,0.331127852201,0.325999587774
2017-04-30,0.189759522676,0.169330686331,0.178468674421,0.279641777277,0.319875448942
2017-05-31,0.275106728077,0.194025054574,0.219946846366,0.281063467264,0.297546982765
2017-06-30,0.260535746813,0.200051724911,0.176597937942,0.264935225248,0.276797860861
2017-07-31,0.236948445439,0.233324453235,0.162240490317,0.27422657609,0.280522286892
2017-08-31,0.207434222102,0.233740136027,0.161045283079,0.287806153297,0.264117687941
2017-09-30,0.212249144912,0.165171682835,0.174052581191,0.289442509413,0.292790263891
2017-10-31,0.221516981721,0.168674215674,0.176605582237,0.315315127373,0.282336592674
2017-11-30,,0.170777201653,0.242930606008,0.334616392851,0.320306718349
2017-12-31,,0.197279900312,0.260102689266,0.33863517642,0.299139767885
2018-01-31,,0.174956783652,0.272094637156,0.345144718885,0.304553896189
2018-02-28,,0.14364592731,0.224432989955,0.325940608978,0.366565942764
2018-03-31,,0.143200293183,0.283313006163,0.322684466839,0.365458518267
2018-04-30,0.174353480339,0.141237765551,0.256883978844,0.309403926134,0.353204220533
2018-05-31,0.277150392532,0.174022942781,0.225892692804,0.281322956085,0.297469586134
2018-06-30,0.251166731119,0.237288042903,0.253351420164,0.284937918186,0.292009234428
2018-07-31,0.224238559604,0.222222015262,0.188740640879,0.258217692375,0.277324676514
2018-08-31,0.220967128873,0.201080828905,0.144442752004,0.262570947409,0.282386660576
2018-09-30,0.226162210107,0.158830717206,0.171527266502,0.278189510107,0.298709154129
2018-10-31,0.214188203216,0.148634776473,0.193466901779,0.289969056845,0.302967011929
2018-11-30,,0.186218097806,0.277401715517,0.3149086833,0.335897952318
2018-12-31,,0.158572360873,0.284636974335,0.333375632763,0.355071902275
